--
-- PostgreSQL database dump
--

-- Dumped from database version 15.12 (Debian 15.12-1.pgdg120+1)
-- Dumped by pg_dump version 15.12 (Debian 15.12-1.pgdg120+1)

SET statement_timeout = 0;
SET lock_timeout = 0;
SET idle_in_transaction_session_timeout = 0;
SET client_encoding = 'UTF8';
SET standard_conforming_strings = on;
SELECT pg_catalog.set_config('search_path', '', false);
SET check_function_bodies = false;
SET xmloption = content;
SET client_min_messages = warning;
SET row_security = off;

--
-- Data for Name: items; Type: TABLE DATA; Schema: public; Owner: postgres
--

COPY public.items (id, name, description, created_at, updated_at) FROM stdin;
\.


--
-- Data for Name: sectors; Type: TABLE DATA; Schema: public; Owner: postgres
--

COPY public.sectors (id, value, name, parent_value, level, created_at, updated_at) FROM stdin;
1	1	Manufacturing	\N	1	2025-05-20 12:40:11.706395+00	2025-05-20 12:40:11.706395+00
2	2	Service	\N	1	2025-05-20 12:40:11.707226+00	2025-05-20 12:40:11.707226+00
3	3	Other	\N	1	2025-05-20 12:40:11.707596+00	2025-05-20 12:40:11.707596+00
4	19	Construction materials	1	2	2025-05-20 12:40:11.707927+00	2025-05-20 12:40:11.707927+00
5	18	Electronics and Optics	1	2	2025-05-20 12:40:11.708333+00	2025-05-20 12:40:11.708333+00
6	6	Food and Beverage	1	2	2025-05-20 12:40:11.708606+00	2025-05-20 12:40:11.708606+00
7	13	Furniture	1	2	2025-05-20 12:40:11.708901+00	2025-05-20 12:40:11.708901+00
8	12	Machinery	1	2	2025-05-20 12:40:11.709194+00	2025-05-20 12:40:11.709194+00
9	11	Metalworking	1	2	2025-05-20 12:40:11.709448+00	2025-05-20 12:40:11.709448+00
10	9	Plastic and Rubber	1	2	2025-05-20 12:40:11.709777+00	2025-05-20 12:40:11.709777+00
11	5	Printing	1	2	2025-05-20 12:40:11.710028+00	2025-05-20 12:40:11.710028+00
12	7	Textile and Clothing	1	2	2025-05-20 12:40:11.710281+00	2025-05-20 12:40:11.710281+00
13	8	Wood	1	2	2025-05-20 12:40:11.710545+00	2025-05-20 12:40:11.710545+00
14	37	Creative industries	3	2	2025-05-20 12:40:11.710776+00	2025-05-20 12:40:11.710776+00
15	29	Energy technology	3	2	2025-05-20 12:40:11.711059+00	2025-05-20 12:40:11.711059+00
16	33	Environment	3	2	2025-05-20 12:40:11.711281+00	2025-05-20 12:40:11.711281+00
17	25	Business services	2	2	2025-05-20 12:40:11.711545+00	2025-05-20 12:40:11.711545+00
18	35	Engineering	2	2	2025-05-20 12:40:11.711757+00	2025-05-20 12:40:11.711757+00
19	28	Information Technology and Telecommunications	2	2	2025-05-20 12:40:11.71196+00	2025-05-20 12:40:11.71196+00
20	22	Tourism	2	2	2025-05-20 12:40:11.712205+00	2025-05-20 12:40:11.712205+00
21	141	Translation services	2	2	2025-05-20 12:40:11.712401+00	2025-05-20 12:40:11.712401+00
22	21	Transport and Logistics	2	2	2025-05-20 12:40:11.712606+00	2025-05-20 12:40:11.712606+00
23	342	Bakery & confectionery products	6	3	2025-05-20 12:40:11.712813+00	2025-05-20 12:40:11.712813+00
24	43	Beverages	6	3	2025-05-20 12:40:11.713059+00	2025-05-20 12:40:11.713059+00
25	42	Fish & fish products	6	3	2025-05-20 12:40:11.713239+00	2025-05-20 12:40:11.713239+00
26	40	Meat & meat products	6	3	2025-05-20 12:40:11.713422+00	2025-05-20 12:40:11.713422+00
27	39	Milk & dairy products	6	3	2025-05-20 12:40:11.71361+00	2025-05-20 12:40:11.71361+00
28	437	Other	6	3	2025-05-20 12:40:11.714027+00	2025-05-20 12:40:11.714027+00
29	378	Sweets & snack food	6	3	2025-05-20 12:40:11.714278+00	2025-05-20 12:40:11.714278+00
30	389	Bathroom/sauna	13	3	2025-05-20 12:40:11.714485+00	2025-05-20 12:40:11.714485+00
31	385	Bedroom	13	3	2025-05-20 12:40:11.714728+00	2025-05-20 12:40:11.714728+00
32	390	Children's room	13	3	2025-05-20 12:40:11.714948+00	2025-05-20 12:40:11.714948+00
33	98	Kitchen	13	3	2025-05-20 12:40:11.715231+00	2025-05-20 12:40:11.715231+00
34	101	Living room	13	3	2025-05-20 12:40:11.715487+00	2025-05-20 12:40:11.715487+00
35	392	Office	13	3	2025-05-20 12:40:11.715698+00	2025-05-20 12:40:11.715698+00
36	394	Other (Furniture)	13	3	2025-05-20 12:40:11.715929+00	2025-05-20 12:40:11.715929+00
37	341	Outdoor	13	3	2025-05-20 12:40:11.716134+00	2025-05-20 12:40:11.716134+00
38	99	Project furniture	13	3	2025-05-20 12:40:11.716364+00	2025-05-20 12:40:11.716364+00
39	94	Machinery components	12	3	2025-05-20 12:40:11.716598+00	2025-05-20 12:40:11.716598+00
40	91	Machinery equipment/tools	12	3	2025-05-20 12:40:11.716803+00	2025-05-20 12:40:11.716803+00
41	224	Manufacture of machinery	12	3	2025-05-20 12:40:11.717032+00	2025-05-20 12:40:11.717032+00
42	97	Maritime	12	3	2025-05-20 12:40:11.717279+00	2025-05-20 12:40:11.717279+00
43	93	Metal structures	12	3	2025-05-20 12:40:11.717532+00	2025-05-20 12:40:11.717532+00
44	508	Other	12	3	2025-05-20 12:40:11.717729+00	2025-05-20 12:40:11.717729+00
45	227	Repair and maintenance service	12	3	2025-05-20 12:40:11.717973+00	2025-05-20 12:40:11.717973+00
46	67	Construction of metal structures	11	3	2025-05-20 12:40:11.718183+00	2025-05-20 12:40:11.718183+00
47	263	Houses and buildings	11	3	2025-05-20 12:40:11.718373+00	2025-05-20 12:40:11.718373+00
48	267	Metal products	11	3	2025-05-20 12:40:11.718585+00	2025-05-20 12:40:11.718585+00
49	542	Metal works	11	3	2025-05-20 12:40:11.718777+00	2025-05-20 12:40:11.718777+00
50	54	Packaging	9	3	2025-05-20 12:40:11.718985+00	2025-05-20 12:40:11.718985+00
51	556	Plastic goods	9	3	2025-05-20 12:40:11.719177+00	2025-05-20 12:40:11.719177+00
52	559	Plastic processing technology	9	3	2025-05-20 12:40:11.719356+00	2025-05-20 12:40:11.719356+00
53	560	Plastic profiles	9	3	2025-05-20 12:40:11.719545+00	2025-05-20 12:40:11.719545+00
54	148	Advertising	5	3	2025-05-20 12:40:11.719756+00	2025-05-20 12:40:11.719756+00
55	150	Book/Periodicals printing	5	3	2025-05-20 12:40:11.720002+00	2025-05-20 12:40:11.720002+00
56	145	Labelling and packaging printing	5	3	2025-05-20 12:40:11.720241+00	2025-05-20 12:40:11.720241+00
57	44	Clothing	7	3	2025-05-20 12:40:11.720475+00	2025-05-20 12:40:11.720475+00
58	45	Textile	7	3	2025-05-20 12:40:11.72072+00	2025-05-20 12:40:11.72072+00
59	337	Other (Wood)	8	3	2025-05-20 12:40:11.72095+00	2025-05-20 12:40:11.72095+00
60	51	Wooden building materials	8	3	2025-05-20 12:40:11.721173+00	2025-05-20 12:40:11.721173+00
61	47	Wooden houses	8	3	2025-05-20 12:40:11.721393+00	2025-05-20 12:40:11.721393+00
62	581	Data processing, Web portals, E-marketing	28	3	2025-05-20 12:40:11.721609+00	2025-05-20 12:40:11.721609+00
63	576	Programming, Consultancy	28	3	2025-05-20 12:40:11.721783+00	2025-05-20 12:40:11.721783+00
64	121	Software, Hardware	28	3	2025-05-20 12:40:11.721993+00	2025-05-20 12:40:11.721993+00
65	122	Telecommunications	28	3	2025-05-20 12:40:11.722242+00	2025-05-20 12:40:11.722242+00
66	111	Air	21	3	2025-05-20 12:40:11.722479+00	2025-05-20 12:40:11.722479+00
67	114	Rail	21	3	2025-05-20 12:40:11.722669+00	2025-05-20 12:40:11.722669+00
68	112	Road	21	3	2025-05-20 12:40:11.722893+00	2025-05-20 12:40:11.722893+00
69	113	Water	21	3	2025-05-20 12:40:11.723131+00	2025-05-20 12:40:11.723131+00
70	271	Aluminium and steel workboats	97	4	2025-05-20 12:40:11.723379+00	2025-05-20 12:40:11.723379+00
71	269	Boat/Yacht building	97	4	2025-05-20 12:40:11.723606+00	2025-05-20 12:40:11.723606+00
72	230	Ship repair and conversion	97	4	2025-05-20 12:40:11.723863+00	2025-05-20 12:40:11.723863+00
73	75	CNC-machining	542	4	2025-05-20 12:40:11.724086+00	2025-05-20 12:40:11.724086+00
74	62	Forgings, Fasteners	542	4	2025-05-20 12:40:11.724305+00	2025-05-20 12:40:11.724305+00
75	69	Gas, Plasma, Laser cutting	542	4	2025-05-20 12:40:11.724532+00	2025-05-20 12:40:11.724532+00
76	66	MIG, TIG, Aluminum welding	542	4	2025-05-20 12:40:11.72475+00	2025-05-20 12:40:11.72475+00
77	55	Blowing	559	4	2025-05-20 12:40:11.725075+00	2025-05-20 12:40:11.725075+00
78	57	Moulding	559	4	2025-05-20 12:40:11.725264+00	2025-05-20 12:40:11.725264+00
79	53	Plastics welding and processing	559	4	2025-05-20 12:40:11.725448+00	2025-05-20 12:40:11.725448+00
\.


--
-- Data for Name: users; Type: TABLE DATA; Schema: public; Owner: postgres
--

COPY public.users (id, name, agreed_to_terms, created_at, updated_at) FROM stdin;
2	Liia	t	2025-05-21 18:56:17.242852+00	2025-05-21 18:56:17.242852+00
3	Taavi	t	2025-05-21 19:01:17.362692+00	2025-05-21 19:01:17.362692+00
4	Teele	t	2025-05-21 19:07:23.328867+00	2025-05-21 19:07:23.328867+00
6	Kalle	t	2025-05-21 19:13:16.094506+00	2025-05-21 19:13:16.094506+00
7	Silvester	t	2025-05-21 19:14:54.663789+00	2025-05-21 19:14:54.663789+00
8	Liilia	t	2025-05-21 19:16:42.69213+00	2025-05-21 19:16:42.69213+00
9	Tina	t	2025-05-21 19:19:29.669992+00	2025-05-21 19:22:36.245676+00
10	Beverly	t	2025-05-21 19:39:23.965152+00	2025-05-21 19:39:35.287753+00
11	leelo	t	2025-05-21 19:41:03.843558+00	2025-05-21 19:41:10.064039+00
12	Leeles	t	2025-05-21 19:43:38.597191+00	2025-05-21 19:44:00.447462+00
13	Riina Laas	t	2025-05-21 20:18:38.369295+00	2025-05-21 20:18:38.369295+00
\.


--
-- Data for Name: user_sectors; Type: TABLE DATA; Schema: public; Owner: postgres
--

COPY public.user_sectors (user_id, sector_id, created_at) FROM stdin;
2	1	2025-05-21 18:56:17.242852+00
2	12	2025-05-21 18:56:17.242852+00
2	57	2025-05-21 18:56:17.242852+00
3	78	2025-05-21 19:01:17.362692+00
4	51	2025-05-21 19:07:23.328867+00
6	21	2025-05-21 19:13:16.094506+00
7	60	2025-05-21 19:14:54.663789+00
8	32	2025-05-21 19:16:42.69213+00
9	47	2025-05-21 19:22:36.245676+00
10	53	2025-05-21 19:39:35.287753+00
11	14	2025-05-21 19:41:10.064039+00
12	21	2025-05-21 19:44:00.447462+00
13	15	2025-05-21 20:18:38.369295+00
\.


--
-- Name: items_id_seq; Type: SEQUENCE SET; Schema: public; Owner: postgres
--

SELECT pg_catalog.setval('public.items_id_seq', 1, false);


--
-- Name: sectors_id_seq; Type: SEQUENCE SET; Schema: public; Owner: postgres
--

SELECT pg_catalog.setval('public.sectors_id_seq', 79, true);


--
-- Name: users_id_seq; Type: SEQUENCE SET; Schema: public; Owner: postgres
--

SELECT pg_catalog.setval('public.users_id_seq', 13, true);


--
-- PostgreSQL database dump complete
--

